fwd_byte_count,fwd_packet_count,fwd_bytes_rate,fwd_packet_rate,fwd_avg_packet_rate,fwd_avg_bytes_rate,rev_byte_count,rev_packet_count,rev_bytes_rate,rev_packet_rate,rev_avg_packet_rate,rev_avg_bytes_rate,type
1176,12,107.8,1.1,1.0,98.0,1176,12,107.8,1.1,1.0,98.0,0
2058,21,88.2,0.9,1.0,93.5,2058,21,88.2,0.9,1.0,93.5,0
1372,14,98.0,1.0,1.0,98.0,1372,14,98.0,1.0,1.0,98.0,0
3038,31,98.0,1.0,1.0,94.9,3038,31,98.0,1.0,1.0,94.9,0
2254,23,88.2,0.9,1.0,93.9,2254,23,88.2,0.9,1.0,93.9,0
1764,18,98.0,1.0,1.0,98.0,1764,18,98.0,1.0,1.0,98.0,0
1078,11,88.2,0.9,0.9,89.8,1078,11,88.2,0.9,0.9,89.8,0
4018,41,98.0,1.0,1.0,95.7,4018,41,98.0,1.0,1.0,95.7,0
3234,33,98.0,1.0,1.0,95.1,3234,33,98.0,1.0,1.0,95.1,0
2646,27,88.2,0.9,1.0,94.5,2646,27,88.2,0.9,1.0,94.5,0
2058,21,98.0,1.0,1.0,93.5,2058,21,98.0,1.0,1.0,93.5,0
4900,50,88.2,0.9,1.0,94.2,4900,50,88.2,0.9,1.0,94.2,0
4214,43,98.0,1.0,1.0,95.8,4214,43,98.0,1.0,1.0,95.8,0
3626,37,98.0,1.0,1.0,95.4,3626,37,98.0,1.0,1.0,95.4,0
3038,31,98.0,1.0,1.0,94.9,3038,31,98.0,1.0,1.0,94.9,0
5880,60,98.0,1.0,1.0,94.8,5880,60,98.0,1.0,1.0,94.8,0
5096,52,88.2,0.9,1.0,94.4,5096,52,88.2,0.9,1.0,94.4,0
4606,47,98.0,1.0,1.0,96.0,4606,47,98.0,1.0,1.0,96.0,0
4018,41,98.0,1.0,1.0,95.7,4018,41,98.0,1.0,1.0,95.7,0
6860,70,98.0,1.0,1.0,95.3,6860,70,98.0,1.0,1.0,95.3,0
6076,62,98.0,1.0,1.0,94.9,6076,62,98.0,1.0,1.0,94.9,0
5586,57,98.0,1.0,1.0,96.3,5586,57,98.0,1.0,1.0,96.3,0
4998,51,98.0,1.0,1.0,96.1,4998,51,98.0,1.0,1.0,96.1,0
7840,80,98.0,1.0,1.0,95.6,7840,80,98.0,1.0,1.0,95.6,0
7056,72,98.0,1.0,1.0,95.4,7056,72,98.0,1.0,1.0,95.4,0
6566,67,98.0,1.0,1.0,96.6,6566,67,98.0,1.0,1.0,96.6,0
5880,60,88.2,0.9,1.0,94.8,5880,60,88.2,0.9,1.0,94.8,0
8820,90,98.0,1.0,1.0,95.9,8820,90,98.0,1.0,1.0,95.9,0
8036,82,98.0,1.0,1.0,95.7,8036,82,98.0,1.0,1.0,95.7,0
7448,76,88.2,0.9,1.0,95.5,7448,76,88.2,0.9,1.0,95.5,0
6860,70,98.0,1.0,1.0,95.3,6860,70,98.0,1.0,1.0,95.3,0
9702,99,88.2,0.9,1.0,95.1,9702,99,88.2,0.9,1.0,95.1,0
9016,92,98.0,1.0,1.0,95.9,9016,92,98.0,1.0,1.0,95.9,0
8428,86,98.0,1.0,1.0,95.8,8428,86,98.0,1.0,1.0,95.8,0
7840,80,98.0,1.0,1.0,95.6,7840,80,98.0,1.0,1.0,95.6,0
10682,109,98.0,1.0,1.0,95.4,10682,109,98.0,1.0,1.0,95.4,0
9898,101,88.2,0.9,1.0,95.2,9898,101,88.2,0.9,1.0,95.2,0
9408,96,98.0,1.0,1.0,96.0,9408,96,98.0,1.0,1.0,96.0,0
8820,90,98.0,1.0,1.0,95.9,8820,90,98.0,1.0,1.0,95.9,0
11662,119,98.0,1.0,1.0,95.6,11662,119,98.0,1.0,1.0,95.6,0
10878,111,98.0,1.0,1.0,95.4,10878,111,98.0,1.0,1.0,95.4,0
10388,106,98.0,1.0,1.0,96.2,10388,106,98.0,1.0,1.0,96.2,0
9702,99,88.2,0.9,1.0,95.1,9702,99,88.2,0.9,1.0,95.1,0
12642,129,98.0,1.0,1.0,95.8,12642,129,98.0,1.0,1.0,95.8,0
11858,121,98.0,1.0,1.0,95.6,11858,121,98.0,1.0,1.0,95.6,0
11368,116,98.0,1.0,1.0,95.5,11368,116,98.0,1.0,1.0,96.3,0
10682,109,98.0,1.0,1.0,95.4,10682,109,98.0,1.0,1.0,95.4,0
13622,139,98.0,1.0,1.0,95.9,13622,139,98.0,1.0,1.0,95.9,0
12838,131,98.0,1.0,1.0,95.8,12838,131,98.0,1.0,1.0,95.8,0
12250,125,88.2,0.9,1.0,95.0,12250,125,88.2,0.9,1.0,95.7,0
11662,119,98.0,1.0,1.0,95.6,11662,119,98.0,1.0,1.0,95.6,0
14504,148,88.2,0.9,1.0,95.4,14504,148,88.2,0.9,1.0,95.4,0
13818,141,98.0,1.0,1.0,96.0,13818,141,98.0,1.0,1.0,96.0,0
13230,135,98.0,1.0,1.0,95.2,13230,135,98.0,1.0,1.0,95.2,0
12642,129,98.0,1.0,1.0,95.8,12642,129,98.0,1.0,1.0,95.8,0
15484,158,98.0,1.0,1.0,95.6,15484,158,98.0,1.0,1.0,95.6,0
14700,150,88.2,0.9,1.0,95.5,14700,150,88.2,0.9,1.0,95.5,0
14210,145,98.0,1.0,1.0,95.4,14210,145,98.0,1.0,1.0,95.4,0
13622,139,98.0,1.0,1.0,95.9,13622,139,98.0,1.0,1.0,95.9,0
16464,168,98.0,1.0,1.0,95.7,16464,168,98.0,1.0,1.0,95.7,0
15680,160,98.0,1.0,1.0,95.6,15680,160,98.0,1.0,1.0,95.6,0
15190,155,98.0,1.0,1.0,95.5,15190,155,98.0,1.0,1.0,95.5,0
14504,148,88.2,0.9,1.0,95.4,14504,148,88.2,0.9,1.0,95.4,0
17444,178,98.0,1.0,1.0,95.8,17444,178,98.0,1.0,1.0,95.8,0
16660,170,98.0,1.0,1.0,95.7,16660,170,98.0,1.0,1.0,95.7,0
16170,165,98.0,1.0,1.0,95.7,16170,165,98.0,1.0,1.0,95.7,0
15484,158,98.0,1.0,1.0,95.6,15484,158,98.0,1.0,1.0,95.6,0
18424,188,98.0,1.0,1.0,96.0,18424,188,98.0,1.0,1.0,96.0,0
17640,180,98.0,1.0,1.0,95.9,17640,180,98.0,1.0,1.0,95.9,0
17052,174,88.2,0.9,1.0,95.3,17052,174,88.2,0.9,1.0,95.3,0
16464,168,98.0,1.0,1.0,95.7,16464,168,98.0,1.0,1.0,95.7,0
19306,197,88.2,0.9,1.0,95.6,19306,197,88.2,0.9,1.0,95.6,0
18620,190,98.0,1.0,1.0,96.0,18620,190,98.0,1.0,1.0,96.0,0
18032,184,98.0,1.0,1.0,95.4,18032,184,98.0,1.0,1.0,95.4,0
17444,178,98.0,1.0,1.0,95.8,17444,178,98.0,1.0,1.0,95.8,0
20286,207,98.0,1.0,1.0,95.7,20286,207,98.0,1.0,1.0,95.7,0
19502,199,88.2,0.9,1.0,95.6,19502,199,88.2,0.9,1.0,95.6,0
18914,193,88.2,0.9,1.0,95.0,18914,193,88.2,0.9,1.0,95.0,0
18326,187,88.2,0.9,1.0,95.4,18326,187,88.2,0.9,1.0,95.4,0
21168,216,88.2,0.9,1.0,95.4,21168,216,88.2,0.9,1.0,95.4,0
20482,209,98.0,1.0,1.0,95.7,20482,209,98.0,1.0,1.0,95.7,0
19894,203,98.0,1.0,1.0,95.2,19894,203,98.0,1.0,1.0,95.2,0
19306,197,98.0,1.0,1.0,95.6,19306,197,98.0,1.0,1.0,95.6,0
22148,226,98.0,1.0,1.0,95.5,22148,226,98.0,1.0,1.0,95.5,0
21364,218,88.2,0.9,1.0,95.4,21364,218,88.2,0.9,1.0,95.4,0
20874,213,98.0,1.0,1.0,95.3,20874,213,98.0,1.0,1.0,95.3,0
20286,207,98.0,1.0,1.0,95.7,20286,207,98.0,1.0,1.0,95.7,0
23128,236,98.0,1.0,1.0,95.6,23128,236,98.0,1.0,1.0,95.6,0
22344,228,98.0,1.0,1.0,95.5,22344,228,98.0,1.0,1.0,95.5,0
21854,223,98.0,1.0,1.0,95.4,21854,223,98.0,1.0,1.0,95.4,0
21168,216,88.2,0.9,1.0,95.4,21168,216,88.2,0.9,1.0,95.4,0
24108,246,98.0,1.0,1.0,95.7,24108,246,98.0,1.0,1.0,95.7,0
23324,238,98.0,1.0,1.0,95.6,23324,238,98.0,1.0,1.0,95.6,0
22834,233,98.0,1.0,1.0,95.5,22834,233,98.0,1.0,1.0,95.5,0
22148,226,98.0,1.0,1.0,95.5,22148,226,98.0,1.0,1.0,95.5,0
25088,256,98.0,1.0,1.0,95.8,25088,256,98.0,1.0,1.0,95.8,0
24304,248,98.0,1.0,1.0,95.7,24304,248,98.0,1.0,1.0,95.7,0
23716,242,88.2,0.9,1.0,95.2,23716,242,88.2,0.9,1.0,95.2,0
23128,236,98.0,1.0,1.0,95.6,23128,236,98.0,1.0,1.0,95.6,0
fwd_byte_count,fwd_packet_count,fwd_bytes_rate,fwd_packet_rate,fwd_avg_packet_rate,fwd_avg_bytes_rate,rev_byte_count,rev_packet_count,rev_bytes_rate,rev_packet_rate,rev_avg_packet_rate,rev_avg_bytes_rate,type
59202,897,2079.0,31.5,56.1,3700.1,79243,898,2782.5,31.5,56.1,4952.7,1
77418,1173,1821.6,27.6,45.1,2977.6,103599,1174,2435.6,27.6,45.2,3984.6,1
104016,1576,2659.8,40.3,43.8,2889.3,139112,1577,3551.3,40.3,43.8,3864.2,1
124938,1893,2092.2,31.7,41.2,2716.0,167023,1894,2791.1,31.7,41.2,3630.9,1
176088,2668,5115.0,77.5,47.6,3144.4,235415,2669,6839.2,77.5,47.7,4203.8,1
246708,3738,7062.0,107.0,56.6,3738.0,329681,3739,9426.6,107.0,56.7,4995.2,1
132167,1499,10197.2,115.7,83.3,7342.6,98868,1498,7636.2,115.7,83.2,5492.7,1
265584,4024,1887.6,28.6,52.9,3494.5,354933,4025,2525.2,28.6,53.0,4670.2,1
180159,2044,4799.2,54.5,73.0,6434.2,134838,2043,3597.0,54.5,73.0,4815.6,1
335742,5087,7015.8,106.3,59.2,3904.0,448700,5088,9376.7,106.3,59.2,5217.4,1
379566,5751,4382.4,66.4,59.9,3953.8,507165,5752,5846.5,66.4,59.9,5283.0,1
12227,139,-16793.2,-190.5,139.0,12227.0,9174,139,-12566.4,-190.4,139.0,9174.0,1
424050,6425,4448.4,67.4,60.6,4000.5,566672,6426,5950.7,67.4,60.6,5346.0,1
62004,704,4977.7,56.5,64.0,5636.7,46464,704,3729.0,56.5,64.0,4224.0,1
358,5,0.0,0.0,0.5,35.8,346,5,0.0,0.0,0.5,34.6,1
2703,31,254.7,2.9,3.1,270.3,1980,30,191.4,2.9,3.0,198.0,1
66,1,-20.6,-0.3,0.2,11.0,67,1,-29.1,-0.4,0.2,11.2,1
473484,7174,4943.4,74.9,61.8,4081.8,632618,7175,6594.6,74.9,61.9,5453.6,1
132284,1501,7028.0,79.7,71.5,6299.2,99066,1501,5260.2,79.7,71.5,4717.4,1
92543,1050,8984.0,101.9,52.5,4627.1,69234,1049,6725.4,101.9,52.5,3461.7,1
524238,7943,5075.4,76.9,63.0,4160.6,700453,7944,6783.5,76.9,63.0,5559.2,1
145811,1655,1352.7,15.4,53.4,4703.6,109230,1655,1016.4,15.4,53.4,3523.5,1
151397,1718,5885.4,66.8,57.3,5046.6,113322,1717,4408.8,66.8,57.2,3777.4,1
535986,8121,1174.8,17.8,59.7,3941.1,716124,8122,1567.1,17.8,59.7,5265.6,1
228349,2591,7695.2,87.3,64.8,5708.7,170940,2590,5761.8,87.3,64.8,4273.5,1
15569,177,-13024.2,-147.8,22.1,1946.1,11682,177,-9754.8,-147.8,22.1,1460.2,1
585882,8877,4989.6,75.6,60.8,4012.9,782671,8878,6654.7,75.6,60.8,5360.8,1
311827,3539,8347.8,94.8,70.8,6236.5,233508,3538,6256.8,94.8,70.8,4670.2,1
23636,268,806.7,9.1,89.3,7878.7,17688,268,600.6,9.1,89.3,5896.0,1
632874,9589,4699.2,71.2,61.5,4056.9,845279,9590,6260.8,71.2,61.5,5418.5,1
402966,4572,9113.9,103.3,76.2,6716.1,301686,4571,6817.8,103.3,76.2,5028.1,1
67997,772,4436.1,50.4,59.4,5230.5,50952,772,3326.4,50.4,59.4,3919.4,1
66,1,-20.6,-0.3,0.1,8.2,67,1,-29.1,-0.4,0.1,8.4,1
641916,9726,904.2,13.7,58.6,3867.0,857386,9727,1210.7,13.7,58.6,5165.0,1
448801,5092,4583.5,52.0,72.7,6411.4,336006,5091,3432.0,52.0,72.7,4800.1,1
151715,1723,8371.8,95.1,74.9,6596.3,113718,1723,6276.6,95.1,74.9,4944.3,1
702438,10643,6052.2,91.7,60.5,3991.1,938190,10644,8080.4,91.7,60.5,5330.6,1
478750,5432,2994.9,34.0,67.9,5984.4,358446,5431,2244.0,34.0,67.9,4480.6,1
171733,1950,2001.8,22.7,59.1,5204.0,128700,1950,1498.2,22.7,59.1,3900.0,1
772398,11703,6996.0,106.0,62.9,4152.7,1031610,11704,9342.0,106.0,62.9,5546.3,1
146098,1657,7045.8,79.9,92.1,8116.6,109362,1657,5273.4,79.9,92.1,6075.7,1
88351,1002,7573.8,85.9,91.1,8031.9,66132,1002,5669.4,85.9,91.1,6012.0,1
66,1,0.0,0.0,0.1,6.6,67,1,-29.1,-0.4,0.1,6.7,1
66,1,0.0,0.0,0.2,11.0,67,1,0.0,0.0,0.2,11.2,1
59461,675,-99313.1,-1126.7,112.5,9910.2,44550,675,-74355.6,-1126.6,112.5,7425.0,1
231164,2623,8506.6,96.6,93.7,8255.9,173118,2623,6375.6,96.6,93.7,6182.8,1
169586,1924,8123.5,92.2,91.6,8075.5,126984,1924,6085.2,92.2,91.6,6046.9,1
129884,1475,7042.3,80.0,92.2,8117.8,97350,1475,5280.0,80.0,92.2,6084.4,1
255729,2902,2456.5,27.9,76.4,6729.7,191532,2902,1841.4,27.9,76.4,5040.3,1
203823,2312,3423.7,38.8,74.6,6574.9,152592,2312,2560.8,38.8,74.6,4922.3,1
298429,3387,4270.0,48.5,70.6,6217.3,223542,3387,3201.0,48.5,70.6,4657.1,1
258532,2933,5470.9,62.1,71.5,6305.7,193578,2933,4098.6,62.1,71.5,4721.4,1
47368,537,-8251.6,-93.8,67.1,5921.0,35442,537,-6190.8,-93.8,67.1,4430.2,1
388942,4414,9051.3,102.7,76.1,6705.9,291324,4414,6778.2,102.7,76.1,5022.8,1
308125,3496,4959.3,56.3,68.5,6041.7,230736,3496,3715.8,56.3,68.5,4524.2,1
130934,1484,8356.6,94.7,82.4,7274.1,97944,1484,6250.2,94.7,82.4,5441.3,1
439599,4990,5065.7,57.6,73.4,6464.7,329340,4990,3801.6,57.6,73.4,4843.2,1
365624,4148,5749.9,65.2,68.0,5993.8,273768,4148,4303.2,65.2,68.0,4488.0,1
217240,2463,8630.6,97.9,88.0,7758.6,162558,2463,6461.4,97.9,88.0,5805.6,1
66,1,0.0,0.0,0.1,8.2,67,1,0.0,0.0,0.1,8.4,1
498753,5662,5915.4,67.2,72.6,6394.3,373692,5662,4435.2,67.2,72.6,4790.9,1
444306,5041,7868.2,89.3,71.0,6257.8,332706,5041,5893.8,89.3,71.0,4686.0,1
278705,3160,6146.5,69.7,83.2,7334.3,208560,3160,4600.2,69.7,83.2,5488.4,1
527131,5984,2837.8,32.2,68.0,5990.1,394944,5984,2125.2,32.2,68.0,4488.0,1
481254,5461,3694.8,42.0,67.4,5941.4,360426,5461,2772.0,42.0,67.4,4449.7,1
404987,4594,12628.2,143.4,95.7,8437.2,303204,4594,9464.4,143.4,95.7,6316.8,1
475026,5388,7003.9,79.4,92.9,8190.1,355608,5388,5240.4,79.4,92.9,6131.2,1
13382,152,-51374.9,-583.2,152.0,13382.0,10032,152,-38491.2,-583.2,152.0,10032.0,1
525147,5957,5012.1,56.9,87.6,7722.8,393162,5957,3755.4,56.9,87.6,5781.8,1
96808,1098,8342.6,94.6,99.8,8800.7,72468,1098,6243.6,94.6,99.8,6588.0,1
23843,271,-45741.1,-519.0,33.9,2980.4,17886,271,-34254.0,-519.0,33.9,2235.8,1
546823,6203,2167.6,24.6,79.5,7010.6,409398,6203,1623.6,24.6,79.5,5248.7,1
152948,1736,5614.0,63.8,82.7,7283.2,114576,1736,4210.8,63.8,82.7,5456.0,1
96729,1097,7288.6,82.6,60.9,5373.8,72402,1097,5451.6,82.6,60.9,4022.3,1
66,1,0.0,0.0,0.1,7.3,67,1,0.0,0.0,0.1,7.4,1
402,6,33.6,0.5,1.0,67.0,337,5,27.0,0.4,0.8,56.2,1
225876,2563,7292.8,82.7,82.7,7286.3,169158,2563,5458.2,82.7,82.7,5456.7,1
194142,2203,9741.3,110.6,78.7,6933.6,145398,2203,7299.6,110.6,78.7,5192.8,1
319451,3626,9357.5,106.3,88.4,7791.5,239316,3626,7015.8,106.3,88.4,5837.0,1
256095,2906,6195.3,70.3,76.5,6739.3,191796,2906,4639.8,70.3,76.5,5047.3,1
358586,4070,3913.5,44.4,79.8,7031.1,268620,4070,2930.4,44.4,79.8,5267.1,1
348569,3956,9247.4,105.0,82.4,7261.9,261096,3956,6930.0,105.0,82.4,5439.5,1
390832,4436,3224.6,36.6,72.7,6407.1,292776,4436,2415.6,36.6,72.7,4799.6,1
456193,5177,10762.4,122.1,89.3,7865.4,341682,5177,8058.6,122.1,89.3,5891.1,1
463428,5259,723.5,8.2,77.3,6815.1,347094,5259,541.2,8.2,77.3,5104.3,1
199,3,13.2,0.2,0.4,24.9,336,5,27.0,0.4,0.6,42.0,1
50363,572,-34046.9,-386.4,63.6,5595.9,37752,572,-25502.4,-386.4,63.6,4194.7,1
21440,244,6.6,0.1,16.3,1429.3,16104,244,13.2,0.2,16.3,1073.6,1
199,3,19.9,0.3,0.3,19.9,336,5,27.0,0.4,0.5,33.6,1
fwd_byte_count,fwd_packet_count,fwd_bytes_rate,fwd_packet_rate,fwd_avg_packet_rate,fwd_avg_bytes_rate,rev_byte_count,rev_packet_count,rev_bytes_rate,rev_packet_rate,rev_avg_packet_rate,rev_avg_bytes_rate,type
79000,500,7520.8,47.6,50.0,7900.0,0,0,0,0,0,0,2
154208,976,7520.8,47.6,48.8,7710.4,0,0,0,0,0,0,2
230048,1456,7584.0,48.0,48.5,7668.3,0,0,0,0,0,0,2
300832,1904,7078.4,44.8,47.6,7520.8,0,0,0,0,0,0,2
376672,2384,7584.0,48.0,47.7,7533.4,0,0,0,0,0,0,2
452670,2865,7599.8,48.1,47.8,7544.5,0,0,0,0,0,0,2
528668,3346,7599.8,48.1,47.8,7552.4,0,0,0,0,0,0,2
604350,3825,7568.2,47.9,47.8,7554.4,0,0,0,0,0,0,2
680190,4305,7584.0,48.0,47.8,7557.7,0,0,0,0,0,0,2
830606,5257,7599.8,48.1,47.8,7551.0,0,0,0,0,0,0,2
117710,745,7599.8,48.1,49.7,7847.3,0,0,0,0,0,0,2
906288,5736,7568.2,47.9,47.8,7552.4,0,0,0,0,0,0,2
193392,1224,7568.2,47.9,49.0,7735.7,0,0,0,0,0,0,2
981654,6213,7536.6,47.7,47.8,7551.2,0,0,0,0,0,0,2
268758,1701,7536.6,47.7,48.6,7678.8,0,0,0,0,0,0,2
1057810,6695,7615.6,48.2,47.8,7555.8,0,0,0,0,0,0,2
344914,2183,7615.6,48.2,48.5,7664.8,0,0,0,0,0,0,2
1133808,7176,7599.8,48.1,47.8,7558.7,0,0,0,0,0,0,2
420912,2664,7599.8,48.1,48.4,7652.9,0,0,0,0,0,0,2
1209648,7656,7584.0,48.0,47.9,7560.3,0,0,0,0,0,0,2
496752,3144,7584.0,48.0,48.4,7642.3,0,0,0,0,0,0,2
1285804,8138,7615.6,48.2,47.9,7563.6,0,0,0,0,0,0,2
572908,3626,7615.6,48.2,48.3,7638.8,0,0,0,0,0,0,2
1361644,8618,7584.0,48.0,47.9,7564.7,0,0,0,0,0,0,2
648748,4106,7584.0,48.0,48.3,7632.3,0,0,0,0,0,0,2
1433692,9074,7204.8,45.6,47.8,7545.7,0,0,0,0,0,0,2
720796,4562,7204.8,45.6,48.0,7587.3,0,0,0,0,0,0,2
1588374,10053,7678.8,48.6,47.9,7563.7,0,0,0,0,0,0,2
875320,5540,7678.8,48.6,48.2,7611.5,0,0,0,0,0,0,2
1665004,10538,7663.0,48.5,47.9,7568.2,0,0,0,0,0,0,2
951950,6025,7663.0,48.5,48.2,7615.6,0,0,0,0,0,0,2
137776,872,7663.0,48.5,48.4,7654.2,0,0,0,0,0,0,2
1741476,11022,7647.2,48.4,47.9,7571.6,0,0,0,0,0,0,2
1028422,6509,7647.2,48.4,48.2,7617.9,0,0,0,0,0,0,2
214248,1356,7647.2,48.4,48.4,7651.7,0,0,0,0,0,0,2
1817948,11506,7647.2,48.4,47.9,7574.8,0,0,0,0,0,0,2
1104894,6993,7647.2,48.4,48.2,7620.0,0,0,0,0,0,0,2
290720,1840,7647.2,48.4,48.4,7650.5,0,0,0,0,0,0,2
1894578,11991,7663.0,48.5,48.0,7578.3,0,0,0,0,0,0,2
1181524,7478,7663.0,48.5,48.2,7622.7,0,0,0,0,0,0,2
367350,2325,7663.0,48.5,48.4,7653.1,0,0,0,0,0,0,2
1970892,12474,7631.4,48.3,48.0,7580.4,0,0,0,0,0,0,2
1257838,7961,7631.4,48.3,48.2,7623.3,0,0,0,0,0,0,2
443664,2808,7631.4,48.3,48.4,7649.4,0,0,0,0,0,0,2
2047206,12957,7631.4,48.3,48.0,7582.2,0,0,0,0,0,0,2
1334152,8444,7631.4,48.3,48.3,7623.7,0,0,0,0,0,0,2
519978,3291,7631.4,48.3,48.4,7646.7,0,0,0,0,0,0,2
2119254,13413,7204.8,45.6,47.9,7568.8,0,0,0,0,0,0,2
1406200,8900,7204.8,45.6,48.1,7601.1,0,0,0,0,0,0,2
592026,3747,7204.8,45.6,48.0,7590.1,0,0,0,0,0,0,2
2195094,13893,7584.0,48.0,47.9,7569.3,0,0,0,0,0,0,2
1482040,9380,7584.0,48.0,48.1,7600.2,0,0,0,0,0,0,2
667866,4227,7584.0,48.0,48.0,7589.4,0,0,0,0,0,0,2
1635458,10351,7868.4,49.8,48.1,7606.8,0,0,0,0,0,0,2
821284,5198,7868.4,49.8,48.1,7604.5,0,0,0,0,0,0,2
199,3,19.9,0.3,0.3,19.9,336,5,27.0,0.4,0.5,33.6,2
66,1,-20.6,-0.3,0.1,8.2,67,1,-29.1,-0.4,0.1,8.4,2
1712088,10836,7663.0,48.5,48.2,7609.3,0,0,0,0,0,0,2
897914,5683,7663.0,48.5,48.2,7609.4,0,0,0,0,0,0,2
1788402,11319,7631.4,48.3,48.2,7610.2,0,0,0,0,0,0,2
974228,6166,7631.4,48.3,48.2,7611.2,0,0,0,0,0,0,2
1864558,11801,7615.6,48.2,48.2,7610.4,0,0,0,0,0,0,2
1050384,6648,7615.6,48.2,48.2,7611.5,0,0,0,0,0,0,2
1937080,12260,7252.2,45.9,48.1,7596.4,0,0,0,0,0,0,2
1122906,7107,7252.2,45.9,48.0,7587.2,0,0,0,0,0,0,2
2013552,12744,7647.2,48.4,48.1,7598.3,0,0,0,0,0,0,2
1199378,7591,7647.2,48.4,48.0,7591.0,0,0,0,0,0,0,2
2090024,13228,7647.2,48.4,48.1,7600.1,0,0,0,0,0,0,2
1275850,8075,7647.2,48.4,48.1,7594.3,0,0,0,0,0,0,2
2166496,13712,7647.2,48.4,48.1,7601.7,0,0,0,0,0,0,2
1352322,8559,7647.2,48.4,48.1,7597.3,0,0,0,0,0,0,2
2243126,14197,7663.0,48.5,48.1,7603.8,0,0,0,0,0,0,2
1428952,9044,7663.0,48.5,48.1,7600.8,0,0,0,0,0,0,2
2276780,14410,3365.4,21.3,47.2,7464.9,0,0,0,0,0,0,2
1504634,9523,7568.2,47.9,48.1,7599.2,0,0,0,0,0,0,2
199,3,13.2,0.2,0.6,39.8,336,5,27.0,0.4,1.0,67.2,2
1583792,10024,7915.8,50.1,48.2,7614.4,0,0,0,0,0,0,2
66,1,0.0,0.0,0.1,8.2,67,1,0.0,0.0,0.1,8.4,2
fwd_byte_count,fwd_packet_count,fwd_bytes_rate,fwd_packet_rate,fwd_avg_packet_rate,fwd_avg_bytes_rate,rev_byte_count,rev_packet_count,rev_bytes_rate,rev_packet_rate,rev_avg_packet_rate,rev_avg_bytes_rate,type
fwd_byte_count,fwd_packet_count,fwd_bytes_rate,fwd_packet_rate,fwd_avg_packet_rate,fwd_avg_bytes_rate,rev_byte_count,rev_packet_count,rev_bytes_rate,rev_packet_rate,rev_avg_packet_rate,rev_avg_bytes_rate,type
1352,6,120.6,0.5,0.5,112.7,0,0,0,0,0,0,3
3015,12,166.3,0.6,0.5,137.0,0,0,0,0,0,0,3
4401,17,138.6,0.5,0.5,137.5,0,0,0,0,0,0,3
2381,9,158.6,0.6,0.5,140.1,0,0,0,0,0,0,3
6081,23,168.0,0.6,0.5,144.8,0,0,0,0,0,0,3
3587,14,120.6,0.5,0.5,132.9,0,0,0,0,0,0,3
2407,9,164.9,0.6,0.5,141.6,0,0,0,0,0,0,3
7065,28,98.4,0.5,0.5,135.9,0,0,0,0,0,0,3
5080,20,149.3,0.6,0.5,137.3,0,0,0,0,0,0,3
3798,14,139.1,0.5,0.5,140.7,0,0,0,0,0,0,3
8527,34,146.2,0.6,0.5,137.5,0,0,0,0,0,0,3
6691,26,161.1,0.6,0.6,142.4,0,0,0,0,0,0,3
5443,20,164.5,0.6,0.5,147.1,0,0,0,0,0,0,3
10233,40,170.6,0.6,0.6,142.1,0,0,0,0,0,0,3
7948,31,125.7,0.5,0.5,139.4,0,0,0,0,0,0,3
6901,26,145.8,0.6,0.6,146.8,0,0,0,0,0,0,3
11433,45,120.0,0.5,0.5,139.4,0,0,0,0,0,0,3
9329,37,138.1,0.6,0.6,139.2,0,0,0,0,0,0,3
8146,31,124.5,0.5,0.5,142.9,0,0,0,0,0,0,3
13020,51,158.7,0.6,0.6,141.5,0,0,0,0,0,0,3
10681,42,135.2,0.5,0.5,138.7,0,0,0,0,0,0,3
9726,37,158.0,0.6,0.6,145.2,0,0,0,0,0,0,3
14874,57,185.4,0.6,0.6,145.8,0,0,0,0,0,0,3
12298,48,161.7,0.6,0.6,141.4,0,0,0,0,0,0,3
11263,43,153.7,0.6,0.6,146.3,0,0,0,0,0,0,3
66,1,-20.6,-0.3,0.5,33.0,67,1,-29.1,-0.4,0.5,33.5,3
16454,62,158.0,0.5,0.6,146.9,0,0,0,0,0,0,3
13878,54,158.0,0.6,0.6,143.1,0,0,0,0,0,0,3
12365,48,110.2,0.5,0.6,142.1,0,0,0,0,0,0,3
17821,68,136.7,0.6,0.6,146.1,0,0,0,0,0,0,3
15186,59,130.8,0.5,0.6,141.9,0,0,0,0,0,0,3
14148,54,178.3,0.6,0.6,145.9,0,0,0,0,0,0,3
67,1,-29.1,-0.4,0.2,11.2,66,1,-20.6,-0.3,0.2,11.0,3
19108,73,128.7,0.5,0.6,144.8,0,0,0,0,0,0,3
16728,65,154.2,0.6,0.6,143.0,0,0,0,0,0,0,3
15429,59,128.1,0.5,0.6,144.2,0,0,0,0,0,0,3
66,1,-20.6,-0.3,0.2,11.0,67,1,-29.1,-0.4,0.2,11.2,3
20626,79,151.8,0.6,0.6,145.3,0,0,0,0,0,0,3
18066,70,133.8,0.5,0.6,142.3,0,0,0,0,0,0,3
16983,65,155.4,0.6,0.6,145.2,0,0,0,0,0,0,3
21977,84,135.1,0.5,0.6,144.6,0,0,0,0,0,0,3
19545,76,147.9,0.6,0.6,142.7,0,0,0,0,0,0,3
18251,70,126.8,0.5,0.6,143.7,0,0,0,0,0,0,3
23547,90,157.0,0.6,0.6,145.4,0,0,0,0,0,0,3
20920,82,137.5,0.6,0.6,142.3,0,0,0,0,0,0,3
19711,76,146.0,0.6,0.6,143.9,0,0,0,0,0,0,3
25015,96,146.8,0.6,0.6,145.4,0,0,0,0,0,0,3
22145,87,122.5,0.5,0.6,141.1,0,0,0,0,0,0,3
21018,82,130.7,0.6,0.6,143.0,0,0,0,0,0,0,3
26348,101,133.3,0.5,0.6,144.8,0,0,0,0,0,0,3
23480,93,133.5,0.6,0.6,140.6,0,0,0,0,0,0,3
22145,87,112.7,0.5,0.6,141.1,0,0,0,0,0,0,3
27722,107,137.4,0.6,0.6,144.4,0,0,0,0,0,0,3
24648,98,116.8,0.5,0.6,139.3,0,0,0,0,0,0,3
23710,93,156.5,0.6,0.6,142.0,0,0,0,0,0,0,3
29220,113,149.8,0.6,0.6,144.7,0,0,0,0,0,0,3
25885,104,123.7,0.6,0.6,138.4,0,0,0,0,0,0,3
25439,99,172.9,0.6,0.6,143.7,0,0,0,0,0,0,3
66,1,0.0,0.0,0.5,33.0,67,1,0.0,0.0,0.5,33.5,3
30410,118,119.0,0.5,0.6,143.4,0,0,0,0,0,0,3
27344,109,145.9,0.5,0.6,138.8,0,0,0,0,0,0,3
26767,104,132.8,0.5,0.6,143.1,0,0,0,0,0,0,3
31878,124,146.8,0.6,0.6,143.6,0,0,0,0,0,0,3
28852,115,150.8,0.6,0.6,139.4,0,0,0,0,0,0,3
28271,110,150.4,0.6,0.6,143.5,0,0,0,0,0,0,3
66,1,0.0,0.0,0.2,11.0,67,1,0.0,0.0,0.2,11.2,3
33232,129,135.4,0.5,0.6,143.2,0,0,0,0,0,0,3
30380,121,152.8,0.6,0.6,140.0,0,0,0,0,0,0,3
29677,115,140.6,0.5,0.6,143.4,0,0,0,0,0,0,3
66,1,0.0,0.0,0.2,11.0,67,1,0.0,0.0,0.2,11.2,3
34509,135,127.7,0.6,0.6,142.6,0,0,0,0,0,0,3
31353,126,97.3,0.5,0.6,138.1,0,0,0,0,0,0,3
31034,121,135.7,0.6,0.6,143.0,0,0,0,0,0,0,3
35771,140,126.2,0.5,0.6,141.9,0,0,0,0,0,0,3
32857,132,150.4,0.6,0.6,138.6,0,0,0,0,0,0,3
32274,126,124.0,0.5,0.6,142.2,0,0,0,0,0,0,3
37320,146,154.9,0.6,0.6,142.4,0,0,0,0,0,0,3
34756,138,189.9,0.6,0.6,140.7,0,0,0,0,0,0,3
33748,132,147.4,0.6,0.6,142.4,0,0,0,0,0,0,3
